Source,eType,Target,Time,Weight,SourceLocation,TargetLocation,SourceLatitude,SourceLongitude,TargetLatitude,TargetLongitude
488050,1,600971,5014193,1.00000,0,0,34.47680,-45.21670,37.52940,-41.58840
611974,0,600971,6238470,1.00000,0,0,0.00000,0.00000,0.00000,0.00000
457543,1,600971,29038124,1.00000,4,0,-1.06720,-171.89400,37.52940,-41.58840
510031,5,600971,31536000,3229.47000,0,0,0.00000,0.00000,0.00000,0.00000
552988,5,600971,31536000,55373.30000,0,0,0.00000,0.00000,0.00000,0.00000
600971,5,630626,31536000,8745.63000,0,0,0.00000,0.00000,0.00000,0.00000
600971,5,536346,31536000,3398.71000,0,0,0.00000,0.00000,0.00000,0.00000
600971,5,567195,31536000,6580.68000,0,0,0.00000,0.00000,0.00000,0.00000
600971,5,527449,31536000,295.36000,0,0,0.00000,0.00000,0.00000,0.00000
600971,5,459381,31536000,284.24000,0,0,0.00000,0.00000,0.00000,0.00000
600971,5,595298,31536000,1123.89000,0,0,0.00000,0.00000,0.00000,0.00000
600971,5,466907,31536000,1596.22000,0,0,0.00000,0.00000,0.00000,0.00000
600971,5,606730,31536000,1623.57000,0,0,0.00000,0.00000,0.00000,0.00000
600971,5,589943,31536000,348.06000,0,0,0.00000,0.00000,0.00000,0.00000
600971,5,577992,31536000,3862.58000,0,0,0.00000,0.00000,0.00000,0.00000
600971,5,523927,31536000,9264.65000,0,0,0.00000,0.00000,0.00000,0.00000
600971,5,580426,31536000,385.94000,0,0,0.00000,0.00000,0.00000,0.00000
600971,5,595581,31536000,1042.86000,0,0,0.00000,0.00000,0.00000,0.00000
600971,5,642329,31536000,614.86000,0,0,0.00000,0.00000,0.00000,0.00000
600971,5,503701,31536000,7684.84000,0,0,0.00000,0.00000,0.00000,0.00000
600971,5,644226,31536000,3100.38000,0,0,0.00000,0.00000,0.00000,0.00000
600971,5,632961,31536000,398.49000,0,0,0.00000,0.00000,0.00000,0.00000
600971,5,473173,31536000,5790.81000,0,0,0.00000,0.00000,0.00000,0.00000
600971,5,620120,31536000,4387.13000,0,0,0.00000,0.00000,0.00000,0.00000
600971,5,575030,31536000,15067.80000,0,0,0.00000,0.00000,0.00000,0.00000
457543,1,600971,29038124,1.00000,4,0,-1.06720,-171.89400,37.52940,-41.58840
552988,5,457543,31536000,5776.53000,0,0,0.00000,0.00000,0.00000,0.00000
457543,5,640784,31536000,263.19000,0,0,0.00000,0.00000,0.00000,0.00000
457543,5,536346,31536000,485.90000,0,0,0.00000,0.00000,0.00000,0.00000
457543,5,520660,31536000,770.44000,0,0,0.00000,0.00000,0.00000,0.00000
457543,5,567195,31536000,493.72000,0,0,0.00000,0.00000,0.00000,0.00000
457543,5,527449,31536000,11.98000,0,0,0.00000,0.00000,0.00000,0.00000
457543,5,459381,31536000,347.85000,0,0,0.00000,0.00000,0.00000,0.00000
457543,5,595298,31536000,682.09000,0,0,0.00000,0.00000,0.00000,0.00000
457543,5,466907,31536000,244.59000,0,0,0.00000,0.00000,0.00000,0.00000
457543,5,606730,31536000,284.92000,0,0,0.00000,0.00000,0.00000,0.00000
457543,5,589943,31536000,72.86000,0,0,0.00000,0.00000,0.00000,0.00000
457543,5,523927,31536000,292.75000,0,0,0.00000,0.00000,0.00000,0.00000
457543,5,580426,31536000,55.27000,0,0,0.00000,0.00000,0.00000,0.00000
457543,5,595581,31536000,93.24000,0,0,0.00000,0.00000,0.00000,0.00000
457543,5,616315,31536000,242.22000,0,0,0.00000,0.00000,0.00000,0.00000
457543,5,642329,31536000,18.86000,0,0,0.00000,0.00000,0.00000,0.00000
457543,5,503701,31536000,397.80000,0,0,0.00000,0.00000,0.00000,0.00000
457543,5,571970,31536000,68.49000,0,0,0.00000,0.00000,0.00000,0.00000
457543,5,644226,31536000,424.59000,0,0,0.00000,0.00000,0.00000,0.00000
457543,5,473173,31536000,1034.11000,0,0,0.00000,0.00000,0.00000,0.00000
457543,5,620120,31536000,629.84000,0,0,0.00000,0.00000,0.00000,0.00000
457543,5,575030,31536000,2447.63000,0,0,0.00000,0.00000,0.00000,0.00000
457543,5,621924,31536000,83.35000,0,0,0.00000,0.00000,0.00000,0.00000
611974,1,523763,11842359,1.00000,1,5,-27.19970,-13.87410,18.97230,155.22000
611974,0,600971,6238470,1.00000,0,0,0.00000,0.00000,0.00000,0.00000
510031,5,611974,31536000,673.36000,0,0,0.00000,0.00000,0.00000,0.00000
552988,5,611974,31536000,21346.70000,0,0,0.00000,0.00000,0.00000,0.00000
611974,5,536346,31536000,544.12000,0,0,0.00000,0.00000,0.00000,0.00000
611974,5,520660,31536000,2099.94000,0,0,0.00000,0.00000,0.00000,0.00000
611974,5,527449,31536000,94.14000,0,0,0.00000,0.00000,0.00000,0.00000
611974,5,459381,31536000,466.21000,0,0,0.00000,0.00000,0.00000,0.00000
611974,5,595298,31536000,1815.03000,0,0,0.00000,0.00000,0.00000,0.00000
611974,5,466907,31536000,526.53000,0,0,0.00000,0.00000,0.00000,0.00000
611974,5,589943,31536000,1256.20000,0,0,0.00000,0.00000,0.00000,0.00000
611974,5,537281,31536000,168.86000,0,0,0.00000,0.00000,0.00000,0.00000
611974,5,523927,31536000,1683.33000,0,0,0.00000,0.00000,0.00000,0.00000
611974,5,580426,31536000,464.31000,0,0,0.00000,0.00000,0.00000,0.00000
611974,5,616315,31536000,823.15000,0,0,0.00000,0.00000,0.00000,0.00000
611974,5,642329,31536000,1186.23000,0,0,0.00000,0.00000,0.00000,0.00000
611974,5,503701,31536000,849.85000,0,0,0.00000,0.00000,0.00000,0.00000
611974,5,644226,31536000,1448.41000,0,0,0.00000,0.00000,0.00000,0.00000
611974,5,473173,31536000,943.59000,0,0,0.00000,0.00000,0.00000,0.00000
611974,5,620120,31536000,1181.55000,0,0,0.00000,0.00000,0.00000,0.00000
611974,5,575030,31536000,2840.04000,0,0,0.00000,0.00000,0.00000,0.00000
611974,5,621924,31536000,783.79000,0,0,0.00000,0.00000,0.00000,0.00000
488050,1,606702,26292972,1.00000,0,0,34.47680,-45.21670,30.43200,-45.18130
488050,1,600971,5014193,1.00000,0,0,34.47680,-45.21670,37.52940,-41.58840
510031,5,488050,31536000,209.38000,0,0,0.00000,0.00000,0.00000,0.00000
552988,5,488050,31536000,75449.00000,0,0,0.00000,0.00000,0.00000,0.00000
488050,5,630626,31536000,7200.11000,0,0,0.00000,0.00000,0.00000,0.00000
488050,5,536346,31536000,4982.21000,0,0,0.00000,0.00000,0.00000,0.00000
488050,5,520660,31536000,9426.92000,0,0,0.00000,0.00000,0.00000,0.00000
488050,5,567195,31536000,11185.80000,0,0,0.00000,0.00000,0.00000,0.00000
488050,5,527449,31536000,936.82000,0,0,0.00000,0.00000,0.00000,0.00000
488050,5,459381,31536000,1852.18000,0,0,0.00000,0.00000,0.00000,0.00000
488050,5,595298,31536000,12562.80000,0,0,0.00000,0.00000,0.00000,0.00000
488050,5,466907,31536000,1951.73000,0,0,0.00000,0.00000,0.00000,0.00000
488050,5,589943,31536000,7268.84000,0,0,0.00000,0.00000,0.00000,0.00000
488050,5,577992,31536000,2483.63000,0,0,0.00000,0.00000,0.00000,0.00000
488050,5,537281,31536000,836.12000,0,0,0.00000,0.00000,0.00000,0.00000
488050,5,580426,31536000,723.03000,0,0,0.00000,0.00000,0.00000,0.00000
488050,5,595581,31536000,7469.81000,0,0,0.00000,0.00000,0.00000,0.00000
488050,5,642329,31536000,306.77000,0,0,0.00000,0.00000,0.00000,0.00000
488050,5,503701,31536000,8537.52000,0,0,0.00000,0.00000,0.00000,0.00000
488050,5,571970,31536000,92.25000,0,0,0.00000,0.00000,0.00000,0.00000
488050,5,644226,31536000,1497.71000,0,0,0.00000,0.00000,0.00000,0.00000
488050,5,473173,31536000,5749.47000,0,0,0.00000,0.00000,0.00000,0.00000
488050,5,620120,31536000,6830.95000,0,0,0.00000,0.00000,0.00000,0.00000
488050,5,621924,31536000,397.24000,0,0,0.00000,0.00000,0.00000,0.00000
645586,0,606702,23342574,1.00000,0,0,0.00000,0.00000,0.00000,0.00000
523763,1,606702,10120181,1.00000,5,0,18.97230,155.22000,30.43200,-45.18130
488050,1,606702,26292972,1.00000,0,0,34.47680,-45.21670,30.43200,-45.18130
458232,0,606702,17039287,1.00000,0,0,0.00000,0.00000,0.00000,0.00000
594766,0,606702,8729809,1.00000,0,0,0.00000,0.00000,0.00000,0.00000
606702,1,523763,23342574,1.00000,0,5,30.43200,-45.18130,18.97230,155.22000
510031,5,606702,31536000,2827.08000,0,0,0.00000,0.00000,0.00000,0.00000
552988,5,606702,31536000,89491.40000,0,0,0.00000,0.00000,0.00000,0.00000
606702,5,640784,31536000,355.64000,0,0,0.00000,0.00000,0.00000,0.00000
606702,5,536346,31536000,4757.81000,0,0,0.00000,0.00000,0.00000,0.00000
606702,5,567195,31536000,14122.20000,0,0,0.00000,0.00000,0.00000,0.00000
606702,5,527449,31536000,911.28000,0,0,0.00000,0.00000,0.00000,0.00000
606702,5,459381,31536000,1827.13000,0,0,0.00000,0.00000,0.00000,0.00000
606702,5,595298,31536000,7258.10000,0,0,0.00000,0.00000,0.00000,0.00000
606702,5,466907,31536000,1513.96000,0,0,0.00000,0.00000,0.00000,0.00000
606702,5,577992,31536000,1354.99000,0,0,0.00000,0.00000,0.00000,0.00000
606702,5,537281,31536000,303.67000,0,0,0.00000,0.00000,0.00000,0.00000
606702,5,523927,31536000,4945.45000,0,0,0.00000,0.00000,0.00000,0.00000
606702,5,595581,31536000,2464.45000,0,0,0.00000,0.00000,0.00000,0.00000
606702,5,642329,31536000,42.89000,0,0,0.00000,0.00000,0.00000,0.00000
606702,5,503701,31536000,9872.06000,0,0,0.00000,0.00000,0.00000,0.00000
606702,5,644226,31536000,3939.24000,0,0,0.00000,0.00000,0.00000,0.00000
606702,5,632961,31536000,858.07000,0,0,0.00000,0.00000,0.00000,0.00000
606702,5,473173,31536000,1873.08000,0,0,0.00000,0.00000,0.00000,0.00000
606702,5,620120,31536000,8496.19000,0,0,0.00000,0.00000,0.00000,0.00000
606702,5,575030,31536000,24432.10000,0,0,0.00000,0.00000,0.00000,0.00000
606702,5,621924,31536000,5147.37000,0,0,0.00000,0.00000,0.00000,0.00000
523763,0,645586,23342574,1.00000,0,0,0.00000,0.00000,0.00000,0.00000
533094,1,645586,9297739,1.00000,4,5,5.76460,-163.43700,20.81070,155.17300
564599,1,645586,27219256,1.00000,0,5,32.68520,-43.45540,20.81070,155.17300
645586,0,606702,23342574,1.00000,0,0,0.00000,0.00000,0.00000,0.00000
645586,0,494819,23115271,1.00000,0,0,0.00000,0.00000,0.00000,0.00000
510031,5,645586,31536000,130.79000,0,0,0.00000,0.00000,0.00000,0.00000
552988,5,645586,31536000,18640.50000,0,0,0.00000,0.00000,0.00000,0.00000
645586,5,630626,31536000,948.82000,0,0,0.00000,0.00000,0.00000,0.00000
645586,5,527449,31536000,48.62000,0,0,0.00000,0.00000,0.00000,0.00000
645586,5,459381,31536000,137.22000,0,0,0.00000,0.00000,0.00000,0.00000
645586,5,595298,31536000,1052.98000,0,0,0.00000,0.00000,0.00000,0.00000
645586,5,466907,31536000,502.71000,0,0,0.00000,0.00000,0.00000,0.00000
645586,5,589943,31536000,1873.47000,0,0,0.00000,0.00000,0.00000,0.00000
645586,5,537281,31536000,364.10000,0,0,0.00000,0.00000,0.00000,0.00000
645586,5,523927,31536000,199.46000,0,0,0.00000,0.00000,0.00000,0.00000
645586,5,580426,31536000,878.96000,0,0,0.00000,0.00000,0.00000,0.00000
645586,5,616315,31536000,1354.07000,0,0,0.00000,0.00000,0.00000,0.00000
645586,5,642329,31536000,465.41000,0,0,0.00000,0.00000,0.00000,0.00000
645586,5,503701,31536000,1372.26000,0,0,0.00000,0.00000,0.00000,0.00000
645586,5,571970,31536000,88.78000,0,0,0.00000,0.00000,0.00000,0.00000
645586,5,473173,31536000,303.45000,0,0,0.00000,0.00000,0.00000,0.00000
645586,5,620120,31536000,1594.74000,0,0,0.00000,0.00000,0.00000,0.00000
645586,5,575030,31536000,3764.80000,0,0,0.00000,0.00000,0.00000,0.00000
645586,5,621924,31536000,702.27000,0,0,0.00000,0.00000,0.00000,0.00000
610377,0,458232,575109,1.00000,0,0,0.00000,0.00000,0.00000,0.00000
564599,1,458232,8073976,1.00000,0,3,32.68520,-43.45540,-24.76800,-111.24300
594766,1,458232,14619987,1.00000,3,3,-25.67900,-110.91600,-24.76800,-111.24300
458232,0,541601,12392875,1.00000,0,0,0.00000,0.00000,0.00000,0.00000
458232,0,652117,15216007,1.00000,0,0,0.00000,0.00000,0.00000,0.00000
458232,0,606702,17039287,1.00000,0,0,0.00000,0.00000,0.00000,0.00000
458232,0,494819,23886210,1.00000,0,0,0.00000,0.00000,0.00000,0.00000
458232,1,533094,28810989,1.00000,3,4,-24.76800,-111.24300,5.76460,-163.43700
458232,0,491440,29261369,1.00000,0,0,0.00000,0.00000,0.00000,0.00000
552988,5,458232,31536000,13153.70000,0,0,0.00000,0.00000,0.00000,0.00000
458232,5,630626,31536000,5720.18000,0,0,0.00000,0.00000,0.00000,0.00000
458232,5,567195,31536000,3357.48000,0,0,0.00000,0.00000,0.00000,0.00000
458232,5,527449,31536000,298.31000,0,0,0.00000,0.00000,0.00000,0.00000
458232,5,459381,31536000,558.93000,0,0,0.00000,0.00000,0.00000,0.00000
458232,5,595298,31536000,6178.08000,0,0,0.00000,0.00000,0.00000,0.00000
458232,5,466907,31536000,495.98000,0,0,0.00000,0.00000,0.00000,0.00000
458232,5,589943,31536000,73.05000,0,0,0.00000,0.00000,0.00000,0.00000
458232,5,537281,31536000,133.17000,0,0,0.00000,0.00000,0.00000,0.00000
458232,5,523927,31536000,848.83000,0,0,0.00000,0.00000,0.00000,0.00000
458232,5,580426,31536000,62.87000,0,0,0.00000,0.00000,0.00000,0.00000
458232,5,595581,31536000,1459.04000,0,0,0.00000,0.00000,0.00000,0.00000
458232,5,616315,31536000,389.00000,0,0,0.00000,0.00000,0.00000,0.00000
458232,5,642329,31536000,63.83000,0,0,0.00000,0.00000,0.00000,0.00000
458232,5,503701,31536000,2802.10000,0,0,0.00000,0.00000,0.00000,0.00000
458232,5,571970,31536000,65.91000,0,0,0.00000,0.00000,0.00000,0.00000
458232,5,632961,31536000,299.72000,0,0,0.00000,0.00000,0.00000,0.00000
458232,5,473173,31536000,1276.41000,0,0,0.00000,0.00000,0.00000,0.00000
458232,5,620120,31536000,123.25000,0,0,0.00000,0.00000,0.00000,0.00000
458232,5,575030,31536000,4967.39000,0,0,0.00000,0.00000,0.00000,0.00000
458232,5,621924,31536000,557.90000,0,0,0.00000,0.00000,0.00000,0.00000
606702,1,523763,23342574,1.00000,0,5,30.43200,-45.18130,18.97230,155.22000
611974,1,523763,11842359,1.00000,1,5,-27.19970,-13.87410,18.97230,155.22000
598958,1,523763,18676962,1.00000,1,5,-27.13300,-11.10850,18.97230,155.22000
523763,0,645586,23342574,1.00000,0,0,0.00000,0.00000,0.00000,0.00000
523763,1,606702,10120181,1.00000,5,0,18.97230,155.22000,30.43200,-45.18130
552988,5,523763,31536000,6928.85000,0,0,0.00000,0.00000,0.00000,0.00000
523763,5,536346,31536000,877.28000,0,0,0.00000,0.00000,0.00000,0.00000
523763,5,567195,31536000,216.38000,0,0,0.00000,0.00000,0.00000,0.00000
523763,5,527449,31536000,35.13000,0,0,0.00000,0.00000,0.00000,0.00000
523763,5,459381,31536000,237.60000,0,0,0.00000,0.00000,0.00000,0.00000
523763,5,595298,31536000,757.61000,0,0,0.00000,0.00000,0.00000,0.00000
523763,5,466907,31536000,100.73000,0,0,0.00000,0.00000,0.00000,0.00000
523763,5,537281,31536000,216.85000,0,0,0.00000,0.00000,0.00000,0.00000
523763,5,595581,31536000,482.94000,0,0,0.00000,0.00000,0.00000,0.00000
523763,5,616315,31536000,1816.50000,0,0,0.00000,0.00000,0.00000,0.00000
523763,5,642329,31536000,694.39000,0,0,0.00000,0.00000,0.00000,0.00000
523763,5,503701,31536000,1533.66000,0,0,0.00000,0.00000,0.00000,0.00000
523763,5,571970,31536000,132.56000,0,0,0.00000,0.00000,0.00000,0.00000
523763,5,644226,31536000,1104.89000,0,0,0.00000,0.00000,0.00000,0.00000
523763,5,632961,31536000,298.67000,0,0,0.00000,0.00000,0.00000,0.00000
523763,5,473173,31536000,638.54000,0,0,0.00000,0.00000,0.00000,0.00000
523763,5,620120,31536000,833.08000,0,0,0.00000,0.00000,0.00000,0.00000
645586,0,494819,23115271,1.00000,0,0,0.00000,0.00000,0.00000,0.00000
458232,0,494819,23886210,1.00000,0,0,0.00000,0.00000,0.00000,0.00000
552988,5,494819,31536000,12425.80000,0,0,0.00000,0.00000,0.00000,0.00000
494819,5,640784,31536000,306.55000,0,0,0.00000,0.00000,0.00000,0.00000
494819,5,536346,31536000,120.43000,0,0,0.00000,0.00000,0.00000,0.00000
494819,5,527449,31536000,68.90000,0,0,0.00000,0.00000,0.00000,0.00000
494819,5,459381,31536000,201.93000,0,0,0.00000,0.00000,0.00000,0.00000
494819,5,595298,31536000,527.30000,0,0,0.00000,0.00000,0.00000,0.00000
494819,5,466907,31536000,13.19000,0,0,0.00000,0.00000,0.00000,0.00000
494819,5,589943,31536000,877.98000,0,0,0.00000,0.00000,0.00000,0.00000
494819,5,537281,31536000,260.87000,0,0,0.00000,0.00000,0.00000,0.00000
494819,5,523927,31536000,1292.99000,0,0,0.00000,0.00000,0.00000,0.00000
494819,5,580426,31536000,176.83000,0,0,0.00000,0.00000,0.00000,0.00000
494819,5,616315,31536000,227.68000,0,0,0.00000,0.00000,0.00000,0.00000
494819,5,503701,31536000,1873.70000,0,0,0.00000,0.00000,0.00000,0.00000
494819,5,571970,31536000,9.26000,0,0,0.00000,0.00000,0.00000,0.00000
494819,5,644226,31536000,278.96000,0,0,0.00000,0.00000,0.00000,0.00000
494819,5,632961,31536000,119.87000,0,0,0.00000,0.00000,0.00000,0.00000
494819,5,473173,31536000,331.67000,0,0,0.00000,0.00000,0.00000,0.00000
494819,5,620120,31536000,1782.48000,0,0,0.00000,0.00000,0.00000,0.00000
494819,5,575030,31536000,7430.96000,0,0,0.00000,0.00000,0.00000,0.00000
494819,5,621924,31536000,262.80000,0,0,0.00000,0.00000,0.00000,0.00000
594766,0,606702,8729809,1.00000,0,0,0.00000,0.00000,0.00000,0.00000
594766,1,458232,14619987,1.00000,3,3,-25.67900,-110.91600,-24.76800,-111.24300
510031,5,594766,31536000,3626.51000,0,0,0.00000,0.00000,0.00000,0.00000
552988,5,594766,31536000,40989.60000,0,0,0.00000,0.00000,0.00000,0.00000
594766,5,630626,31536000,6016.19000,0,0,0.00000,0.00000,0.00000,0.00000
594766,5,536346,31536000,1.96000,0,0,0.00000,0.00000,0.00000,0.00000
594766,5,520660,31536000,3274.32000,0,0,0.00000,0.00000,0.00000,0.00000
594766,5,567195,31536000,9629.26000,0,0,0.00000,0.00000,0.00000,0.00000
594766,5,527449,31536000,219.00000,0,0,0.00000,0.00000,0.00000,0.00000
594766,5,459381,31536000,755.64000,0,0,0.00000,0.00000,0.00000,0.00000
594766,5,595298,31536000,3250.16000,0,0,0.00000,0.00000,0.00000,0.00000
594766,5,466907,31536000,720.00000,0,0,0.00000,0.00000,0.00000,0.00000
594766,5,589943,31536000,3062.33000,0,0,0.00000,0.00000,0.00000,0.00000
594766,5,577992,31536000,1360.45000,0,0,0.00000,0.00000,0.00000,0.00000
594766,5,523927,31536000,1197.38000,0,0,0.00000,0.00000,0.00000,0.00000
594766,5,580426,31536000,224.47000,0,0,0.00000,0.00000,0.00000,0.00000
594766,5,595581,31536000,3672.06000,0,0,0.00000,0.00000,0.00000,0.00000
594766,5,616315,31536000,610.11000,0,0,0.00000,0.00000,0.00000,0.00000
594766,5,642329,31536000,2846.18000,0,0,0.00000,0.00000,0.00000,0.00000
594766,5,571970,31536000,62.94000,0,0,0.00000,0.00000,0.00000,0.00000
594766,5,644226,31536000,835.36000,0,0,0.00000,0.00000,0.00000,0.00000
594766,5,632961,31536000,269.76000,0,0,0.00000,0.00000,0.00000,0.00000
594766,5,473173,31536000,929.24000,0,0,0.00000,0.00000,0.00000,0.00000
594766,5,620120,31536000,7616.24000,0,0,0.00000,0.00000,0.00000,0.00000
594766,5,575030,31536000,6003.40000,0,0,0.00000,0.00000,0.00000,0.00000
594766,5,621924,31536000,2124.95000,0,0,0.00000,0.00000,0.00000,0.00000
610377,0,458232,575109,1.00000,0,0,0.00000,0.00000,0.00000,0.00000
510031,5,610377,31536000,425.83000,0,0,0.00000,0.00000,0.00000,0.00000
552988,5,610377,31536000,8206.09000,0,0,0.00000,0.00000,0.00000,0.00000
610377,5,630626,31536000,1117.38000,0,0,0.00000,0.00000,0.00000,0.00000
610377,5,567195,31536000,1219.54000,0,0,0.00000,0.00000,0.00000,0.00000
610377,5,527449,31536000,135.02000,0,0,0.00000,0.00000,0.00000,0.00000
610377,5,459381,31536000,120.28000,0,0,0.00000,0.00000,0.00000,0.00000
610377,5,595298,31536000,1400.62000,0,0,0.00000,0.00000,0.00000,0.00000
610377,5,466907,31536000,94.02000,0,0,0.00000,0.00000,0.00000,0.00000
610377,5,523927,31536000,1203.98000,0,0,0.00000,0.00000,0.00000,0.00000
610377,5,595581,31536000,807.62000,0,0,0.00000,0.00000,0.00000,0.00000
610377,5,616315,31536000,1061.68000,0,0,0.00000,0.00000,0.00000,0.00000
610377,5,503701,31536000,1182.93000,0,0,0.00000,0.00000,0.00000,0.00000
610377,5,571970,31536000,18.77000,0,0,0.00000,0.00000,0.00000,0.00000
610377,5,632961,31536000,326.96000,0,0,0.00000,0.00000,0.00000,0.00000
610377,5,473173,31536000,997.36000,0,0,0.00000,0.00000,0.00000,0.00000
610377,5,620120,31536000,234.96000,0,0,0.00000,0.00000,0.00000,0.00000
610377,5,575030,31536000,2204.00000,0,0,0.00000,0.00000,0.00000,0.00000
610377,5,621924,31536000,752.65000,0,0,0.00000,0.00000,0.00000,0.00000
458232,0,652117,15216007,1.00000,0,0,0.00000,0.00000,0.00000,0.00000
510031,5,652117,31536000,1056.13000,0,0,0.00000,0.00000,0.00000,0.00000
552988,5,652117,31536000,62539.90000,0,0,0.00000,0.00000,0.00000,0.00000
652117,5,640784,31536000,399.23000,0,0,0.00000,0.00000,0.00000,0.00000
652117,5,536346,31536000,1154.10000,0,0,0.00000,0.00000,0.00000,0.00000
652117,5,527449,31536000,825.87000,0,0,0.00000,0.00000,0.00000,0.00000
652117,5,459381,31536000,1974.40000,0,0,0.00000,0.00000,0.00000,0.00000
652117,5,595298,31536000,15264.70000,0,0,0.00000,0.00000,0.00000,0.00000
652117,5,466907,31536000,1449.27000,0,0,0.00000,0.00000,0.00000,0.00000
652117,5,589943,31536000,5978.93000,0,0,0.00000,0.00000,0.00000,0.00000
652117,5,537281,31536000,183.24000,0,0,0.00000,0.00000,0.00000,0.00000
652117,5,523927,31536000,1208.32000,0,0,0.00000,0.00000,0.00000,0.00000
652117,5,580426,31536000,3565.62000,0,0,0.00000,0.00000,0.00000,0.00000
652117,5,595581,31536000,2506.07000,0,0,0.00000,0.00000,0.00000,0.00000
652117,5,616315,31536000,5689.01000,0,0,0.00000,0.00000,0.00000,0.00000
652117,5,642329,31536000,5540.36000,0,0,0.00000,0.00000,0.00000,0.00000
652117,5,503701,31536000,8445.11000,0,0,0.00000,0.00000,0.00000,0.00000
652117,5,644226,31536000,654.14000,0,0,0.00000,0.00000,0.00000,0.00000
652117,5,473173,31536000,4524.65000,0,0,0.00000,0.00000,0.00000,0.00000
652117,5,620120,31536000,7919.09000,0,0,0.00000,0.00000,0.00000,0.00000
652117,5,575030,31536000,18826.60000,0,0,0.00000,0.00000,0.00000,0.00000
652117,5,621924,31536000,2935.30000,0,0,0.00000,0.00000,0.00000,0.00000
458232,1,533094,28810989,1.00000,3,4,-24.76800,-111.24300,5.76460,-163.43700
533094,1,645586,9297739,1.00000,4,5,5.76460,-163.43700,20.81070,155.17300
510031,5,533094,31536000,26.94000,0,0,0.00000,0.00000,0.00000,0.00000
552988,5,533094,31536000,25708.90000,0,0,0.00000,0.00000,0.00000,0.00000
533094,5,640784,31536000,318.41000,0,0,0.00000,0.00000,0.00000,0.00000
533094,5,630626,31536000,3402.76000,0,0,0.00000,0.00000,0.00000,0.00000
533094,5,536346,31536000,285.79000,0,0,0.00000,0.00000,0.00000,0.00000
533094,5,520660,31536000,2267.78000,0,0,0.00000,0.00000,0.00000,0.00000
533094,5,567195,31536000,1613.63000,0,0,0.00000,0.00000,0.00000,0.00000
533094,5,527449,31536000,370.94000,0,0,0.00000,0.00000,0.00000,0.00000
533094,5,459381,31536000,284.32000,0,0,0.00000,0.00000,0.00000,0.00000
533094,5,595298,31536000,782.50000,0,0,0.00000,0.00000,0.00000,0.00000
533094,5,466907,31536000,242.12000,0,0,0.00000,0.00000,0.00000,0.00000
533094,5,577992,31536000,1395.87000,0,0,0.00000,0.00000,0.00000,0.00000
533094,5,537281,31536000,497.09000,0,0,0.00000,0.00000,0.00000,0.00000
533094,5,523927,31536000,1242.83000,0,0,0.00000,0.00000,0.00000,0.00000
533094,5,616315,31536000,1332.94000,0,0,0.00000,0.00000,0.00000,0.00000
533094,5,642329,31536000,148.27000,0,0,0.00000,0.00000,0.00000,0.00000
533094,5,503701,31536000,2402.81000,0,0,0.00000,0.00000,0.00000,0.00000
533094,5,571970,31536000,78.91000,0,0,0.00000,0.00000,0.00000,0.00000
533094,5,644226,31536000,924.08000,0,0,0.00000,0.00000,0.00000,0.00000
533094,5,632961,31536000,110.68000,0,0,0.00000,0.00000,0.00000,0.00000
533094,5,473173,31536000,1348.11000,0,0,0.00000,0.00000,0.00000,0.00000
533094,5,620120,31536000,5654.70000,0,0,0.00000,0.00000,0.00000,0.00000
458232,0,541601,12392875,1.00000,0,0,0.00000,0.00000,0.00000,0.00000
552988,5,541601,31536000,84068.30000,0,0,0.00000,0.00000,0.00000,0.00000
541601,5,536346,31536000,258.16000,0,0,0.00000,0.00000,0.00000,0.00000
541601,5,567195,31536000,4602.48000,0,0,0.00000,0.00000,0.00000,0.00000
541601,5,527449,31536000,23.03000,0,0,0.00000,0.00000,0.00000,0.00000
541601,5,459381,31536000,360.06000,0,0,0.00000,0.00000,0.00000,0.00000
541601,5,595298,31536000,2146.10000,0,0,0.00000,0.00000,0.00000,0.00000
541601,5,466907,31536000,605.47000,0,0,0.00000,0.00000,0.00000,0.00000
541601,5,589943,31536000,2.87000,0,0,0.00000,0.00000,0.00000,0.00000
541601,5,577992,31536000,1460.44000,0,0,0.00000,0.00000,0.00000,0.00000
541601,5,523927,31536000,1212.07000,0,0,0.00000,0.00000,0.00000,0.00000
541601,5,580426,31536000,231.84000,0,0,0.00000,0.00000,0.00000,0.00000
541601,5,642329,31536000,310.74000,0,0,0.00000,0.00000,0.00000,0.00000
541601,5,503701,31536000,32.34000,0,0,0.00000,0.00000,0.00000,0.00000
541601,5,571970,31536000,125.48000,0,0,0.00000,0.00000,0.00000,0.00000
541601,5,644226,31536000,733.34000,0,0,0.00000,0.00000,0.00000,0.00000
541601,5,632961,31536000,24.51000,0,0,0.00000,0.00000,0.00000,0.00000
541601,5,473173,31536000,1186.62000,0,0,0.00000,0.00000,0.00000,0.00000
541601,5,620120,31536000,15756.70000,0,0,0.00000,0.00000,0.00000,0.00000
541601,5,575030,31536000,2003.74000,0,0,0.00000,0.00000,0.00000,0.00000
541601,5,621924,31536000,13263.50000,0,0,0.00000,0.00000,0.00000,0.00000
458232,0,491440,29261369,1.00000,0,0,0.00000,0.00000,0.00000,0.00000
552988,5,491440,31536000,13992.00000,0,0,0.00000,0.00000,0.00000,0.00000
491440,5,640784,31536000,173.55000,0,0,0.00000,0.00000,0.00000,0.00000
491440,5,503218,31536000,1305.12000,0,0,0.00000,0.00000,0.00000,0.00000
491440,5,536346,31536000,443.59000,0,0,0.00000,0.00000,0.00000,0.00000
491440,5,520660,31536000,1293.53000,0,0,0.00000,0.00000,0.00000,0.00000
491440,5,567195,31536000,18214.20000,0,0,0.00000,0.00000,0.00000,0.00000
491440,5,527449,31536000,611.29000,0,0,0.00000,0.00000,0.00000,0.00000
491440,5,459381,31536000,413.80000,0,0,0.00000,0.00000,0.00000,0.00000
491440,5,595298,31536000,4782.65000,0,0,0.00000,0.00000,0.00000,0.00000
491440,5,589943,31536000,864.92000,0,0,0.00000,0.00000,0.00000,0.00000
491440,5,577992,31536000,3851.38000,0,0,0.00000,0.00000,0.00000,0.00000
491440,5,537281,31536000,247.46000,0,0,0.00000,0.00000,0.00000,0.00000
491440,5,523927,31536000,4003.03000,0,0,0.00000,0.00000,0.00000,0.00000
491440,5,595581,31536000,1765.03000,0,0,0.00000,0.00000,0.00000,0.00000
491440,5,616315,31536000,172.60000,0,0,0.00000,0.00000,0.00000,0.00000
491440,5,642329,31536000,31.49000,0,0,0.00000,0.00000,0.00000,0.00000
491440,5,503701,31536000,1418.64000,0,0,0.00000,0.00000,0.00000,0.00000
491440,5,571970,31536000,137.68000,0,0,0.00000,0.00000,0.00000,0.00000
491440,5,644226,31536000,1203.60000,0,0,0.00000,0.00000,0.00000,0.00000
491440,5,632961,31536000,315.20000,0,0,0.00000,0.00000,0.00000,0.00000
491440,5,473173,31536000,1187.49000,0,0,0.00000,0.00000,0.00000,0.00000
491440,5,620120,31536000,85924.00000,0,0,0.00000,0.00000,0.00000,0.00000
491440,5,575030,31536000,12584.50000,0,0,0.00000,0.00000,0.00000,0.00000
491440,5,621924,31536000,22965.30000,0,0,0.00000,0.00000,0.00000,0.00000
598958,1,564599,22739617,1.00000,1,0,-27.13300,-11.10850,32.68520,-43.45540
564599,1,645586,27219256,1.00000,0,5,32.68520,-43.45540,20.81070,155.17300
564599,1,458232,8073976,1.00000,0,3,32.68520,-43.45540,-24.76800,-111.24300
510031,5,564599,31536000,1765.73000,0,0,0.00000,0.00000,0.00000,0.00000
552988,5,564599,31536000,82165.10000,0,0,0.00000,0.00000,0.00000,0.00000
564599,5,630626,31536000,4239.31000,0,0,0.00000,0.00000,0.00000,0.00000
564599,5,567195,31536000,18990.20000,0,0,0.00000,0.00000,0.00000,0.00000
564599,5,527449,31536000,390.01000,0,0,0.00000,0.00000,0.00000,0.00000
564599,5,459381,31536000,1909.01000,0,0,0.00000,0.00000,0.00000,0.00000
564599,5,595298,31536000,2534.68000,0,0,0.00000,0.00000,0.00000,0.00000
564599,5,466907,31536000,1896.04000,0,0,0.00000,0.00000,0.00000,0.00000
564599,5,606730,31536000,1665.24000,0,0,0.00000,0.00000,0.00000,0.00000
564599,5,589943,31536000,778.91000,0,0,0.00000,0.00000,0.00000,0.00000
564599,5,577992,31536000,5139.15000,0,0,0.00000,0.00000,0.00000,0.00000
564599,5,537281,31536000,1096.31000,0,0,0.00000,0.00000,0.00000,0.00000
564599,5,523927,31536000,1737.09000,0,0,0.00000,0.00000,0.00000,0.00000
564599,5,580426,31536000,546.19000,0,0,0.00000,0.00000,0.00000,0.00000
564599,5,616315,31536000,1604.31000,0,0,0.00000,0.00000,0.00000,0.00000
564599,5,642329,31536000,388.20000,0,0,0.00000,0.00000,0.00000,0.00000
564599,5,503701,31536000,10710.80000,0,0,0.00000,0.00000,0.00000,0.00000
564599,5,632961,31536000,445.87000,0,0,0.00000,0.00000,0.00000,0.00000
564599,5,473173,31536000,5122.53000,0,0,0.00000,0.00000,0.00000,0.00000
564599,5,620120,31536000,9490.57000,0,0,0.00000,0.00000,0.00000,0.00000
564599,5,621924,31536000,4537.77000,0,0,0.00000,0.00000,0.00000,0.00000
598958,1,564599,22739617,1.00000,1,0,-27.13300,-11.10850,32.68520,-43.45540
598958,1,523763,18676962,1.00000,1,5,-27.13300,-11.10850,18.97230,155.22000
510031,5,598958,31536000,695.64000,0,0,0.00000,0.00000,0.00000,0.00000
552988,5,598958,31536000,11158.20000,0,0,0.00000,0.00000,0.00000,0.00000
620120,5,598958,31536000,732.75000,0,0,0.00000,0.00000,0.00000,0.00000
598958,5,630626,31536000,2739.03000,0,0,0.00000,0.00000,0.00000,0.00000
598958,5,567195,31536000,679.93000,0,0,0.00000,0.00000,0.00000,0.00000
598958,5,527449,31536000,364.96000,0,0,0.00000,0.00000,0.00000,0.00000
598958,5,459381,31536000,442.91000,0,0,0.00000,0.00000,0.00000,0.00000
598958,5,595298,31536000,1148.86000,0,0,0.00000,0.00000,0.00000,0.00000
598958,5,466907,31536000,334.91000,0,0,0.00000,0.00000,0.00000,0.00000
598958,5,589943,31536000,224.95000,0,0,0.00000,0.00000,0.00000,0.00000
598958,5,577992,31536000,15.22000,0,0,0.00000,0.00000,0.00000,0.00000
598958,5,537281,31536000,330.91000,0,0,0.00000,0.00000,0.00000,0.00000
598958,5,523927,31536000,2380.99000,0,0,0.00000,0.00000,0.00000,0.00000
598958,5,580426,31536000,276.70000,0,0,0.00000,0.00000,0.00000,0.00000
598958,5,595581,31536000,450.34000,0,0,0.00000,0.00000,0.00000,0.00000
598958,5,616315,31536000,274.39000,0,0,0.00000,0.00000,0.00000,0.00000
598958,5,503701,31536000,1045.81000,0,0,0.00000,0.00000,0.00000,0.00000
598958,5,571970,31536000,170.05000,0,0,0.00000,0.00000,0.00000,0.00000
598958,5,473173,31536000,1286.61000,0,0,0.00000,0.00000,0.00000,0.00000
598958,5,575030,31536000,3979.35000,0,0,0.00000,0.00000,0.00000,0.00000
634234,6,561157,24278400,-1.00000,5,0,22.00000,156.00000,33.00000,-41.00000
634234,6,561157,604800,-1.00000,1,0,-29.00000,-13.00000,33.00000,-41.00000
634234,6,561157,28425600,-1.00000,0,0,33.00000,-41.00000,33.00000,-41.00000
634234,6,561157,28857600,-1.00000,0,0,33.00000,-41.00000,33.00000,-41.00000
634234,6,561157,6825600,-1.00000,0,0,33.00000,-41.00000,33.00000,-41.00000
634234,6,561157,23932800,-1.00000,0,0,33.00000,-41.00000,33.00000,-41.00000
634234,6,561157,29721600,-1.00000,3,0,-25.00000,-111.00000,33.00000,-41.00000
634234,6,561157,21513600,-1.00000,5,0,22.00000,156.00000,33.00000,-41.00000
634234,6,561157,19180800,-1.00000,0,0,33.00000,-41.00000,33.00000,-41.00000
634234,6,625756,24710400,3.00000,2,3,-22.00000,91.00000,-25.00000,-111.00000
634234,6,561157,24278400,-1.00000,5,0,22.00000,156.00000,33.00000,-41.00000
634234,6,561157,604800,-1.00000,1,0,-29.00000,-13.00000,33.00000,-41.00000
634234,6,561157,28425600,-1.00000,0,0,33.00000,-41.00000,33.00000,-41.00000
634234,6,561157,28857600,-1.00000,0,0,33.00000,-41.00000,33.00000,-41.00000
634234,6,561157,6825600,-1.00000,0,0,33.00000,-41.00000,33.00000,-41.00000
634234,6,561157,23932800,-1.00000,0,0,33.00000,-41.00000,33.00000,-41.00000
634234,6,561157,29721600,-1.00000,3,0,-25.00000,-111.00000,33.00000,-41.00000
634234,6,561157,21513600,-1.00000,5,0,22.00000,156.00000,33.00000,-41.00000
634234,6,561157,19180800,-1.00000,0,0,33.00000,-41.00000,33.00000,-41.00000
634234,6,625756,24710400,3.00000,2,3,-22.00000,91.00000,-25.00000,-111.00000
634234,6,561157,24278400,-1.00000,5,0,22.00000,156.00000,33.00000,-41.00000
634234,6,561157,604800,-1.00000,1,0,-29.00000,-13.00000,33.00000,-41.00000
634234,6,561157,28425600,-1.00000,0,0,33.00000,-41.00000,33.00000,-41.00000
634234,6,561157,28857600,-1.00000,0,0,33.00000,-41.00000,33.00000,-41.00000
634234,6,561157,6825600,-1.00000,0,0,33.00000,-41.00000,33.00000,-41.00000
634234,6,561157,23932800,-1.00000,0,0,33.00000,-41.00000,33.00000,-41.00000
634234,6,561157,29721600,-1.00000,3,0,-25.00000,-111.00000,33.00000,-41.00000
634234,6,561157,21513600,-1.00000,5,0,22.00000,156.00000,33.00000,-41.00000
634234,6,561157,19180800,-1.00000,0,0,33.00000,-41.00000,33.00000,-41.00000
634234,6,625756,24710400,3.00000,2,3,-22.00000,91.00000,-25.00000,-111.00000
634234,6,561157,24278400,-1.00000,5,0,22.00000,156.00000,33.00000,-41.00000
634234,6,561157,604800,-1.00000,1,0,-29.00000,-13.00000,33.00000,-41.00000
634234,6,561157,28425600,-1.00000,0,0,33.00000,-41.00000,33.00000,-41.00000
634234,6,561157,28857600,-1.00000,0,0,33.00000,-41.00000,33.00000,-41.00000
634234,6,561157,6825600,-1.00000,0,0,33.00000,-41.00000,33.00000,-41.00000
634234,6,561157,23932800,-1.00000,0,0,33.00000,-41.00000,33.00000,-41.00000
634234,6,561157,29721600,-1.00000,3,0,-25.00000,-111.00000,33.00000,-41.00000
634234,6,561157,21513600,-1.00000,5,0,22.00000,156.00000,33.00000,-41.00000
634234,6,561157,19180800,-1.00000,0,0,33.00000,-41.00000,33.00000,-41.00000
634234,6,625756,24710400,3.00000,2,3,-22.00000,91.00000,-25.00000,-111.00000
634234,6,561157,24278400,-1.00000,5,0,22.00000,156.00000,33.00000,-41.00000
634234,6,561157,604800,-1.00000,1,0,-29.00000,-13.00000,33.00000,-41.00000
634234,6,561157,28425600,-1.00000,0,0,33.00000,-41.00000,33.00000,-41.00000
634234,6,561157,28857600,-1.00000,0,0,33.00000,-41.00000,33.00000,-41.00000
634234,6,561157,6825600,-1.00000,0,0,33.00000,-41.00000,33.00000,-41.00000
634234,6,561157,23932800,-1.00000,0,0,33.00000,-41.00000,33.00000,-41.00000
634234,6,561157,29721600,-1.00000,3,0,-25.00000,-111.00000,33.00000,-41.00000
634234,6,561157,21513600,-1.00000,5,0,22.00000,156.00000,33.00000,-41.00000
634234,6,561157,19180800,-1.00000,0,0,33.00000,-41.00000,33.00000,-41.00000
634234,6,625756,24710400,3.00000,2,3,-22.00000,91.00000,-25.00000,-111.00000
477668,6,499467,432000,0.00000,3,2,-25.00000,-111.00000,-22.00000,91.00000
477668,6,625756,5356800,3.00000,2,3,-22.00000,91.00000,-25.00000,-111.00000
477668,6,561157,2592000,0.00000,0,0,33.00000,-41.00000,33.00000,-41.00000
477668,6,499467,432000,0.00000,3,2,-25.00000,-111.00000,-22.00000,91.00000
477668,6,625756,5356800,3.00000,2,3,-22.00000,91.00000,-25.00000,-111.00000
477668,6,561157,2592000,0.00000,0,0,33.00000,-41.00000,33.00000,-41.00000
477668,6,499467,432000,0.00000,3,2,-25.00000,-111.00000,-22.00000,91.00000
477668,6,625756,5356800,3.00000,2,3,-22.00000,91.00000,-25.00000,-111.00000
477668,6,561157,2592000,0.00000,0,0,33.00000,-41.00000,33.00000,-41.00000
477668,6,499467,432000,0.00000,3,2,-25.00000,-111.00000,-22.00000,91.00000
477668,6,625756,5356800,3.00000,2,3,-22.00000,91.00000,-25.00000,-111.00000
477668,6,561157,2592000,0.00000,0,0,33.00000,-41.00000,33.00000,-41.00000
477668,6,499467,432000,0.00000,3,2,-25.00000,-111.00000,-22.00000,91.00000
477668,6,625756,5356800,3.00000,2,3,-22.00000,91.00000,-25.00000,-111.00000
477668,6,561157,2592000,0.00000,0,0,33.00000,-41.00000,33.00000,-41.00000
636858,6,625756,22118400,4.00000,1,3,-29.00000,-13.00000,-25.00000,-111.00000
636858,6,561157,345600,-1.00000,3,0,-25.00000,-111.00000,33.00000,-41.00000
636858,6,561157,777600,-1.00000,2,0,-22.00000,91.00000,33.00000,-41.00000
636858,6,561157,18144000,-1.00000,0,0,33.00000,-41.00000,33.00000,-41.00000
636858,6,561157,23760000,-1.00000,0,0,33.00000,-41.00000,33.00000,-41.00000
636858,6,561157,10972800,-1.00000,5,0,22.00000,156.00000,33.00000,-41.00000
636858,6,625756,22118400,4.00000,1,3,-29.00000,-13.00000,-25.00000,-111.00000
636858,6,561157,345600,-1.00000,3,0,-25.00000,-111.00000,33.00000,-41.00000
636858,6,561157,777600,-1.00000,2,0,-22.00000,91.00000,33.00000,-41.00000
636858,6,561157,18144000,-1.00000,0,0,33.00000,-41.00000,33.00000,-41.00000
636858,6,561157,23760000,-1.00000,0,0,33.00000,-41.00000,33.00000,-41.00000
636858,6,561157,10972800,-1.00000,5,0,22.00000,156.00000,33.00000,-41.00000
636858,6,625756,22118400,4.00000,1,3,-29.00000,-13.00000,-25.00000,-111.00000
636858,6,561157,345600,-1.00000,3,0,-25.00000,-111.00000,33.00000,-41.00000
636858,6,561157,777600,-1.00000,2,0,-22.00000,91.00000,33.00000,-41.00000
636858,6,561157,18144000,-1.00000,0,0,33.00000,-41.00000,33.00000,-41.00000
636858,6,561157,23760000,-1.00000,0,0,33.00000,-41.00000,33.00000,-41.00000
636858,6,561157,10972800,-1.00000,5,0,22.00000,156.00000,33.00000,-41.00000
636858,6,625756,22118400,4.00000,1,3,-29.00000,-13.00000,-25.00000,-111.00000
636858,6,561157,345600,-1.00000,3,0,-25.00000,-111.00000,33.00000,-41.00000
636858,6,561157,777600,-1.00000,2,0,-22.00000,91.00000,33.00000,-41.00000
636858,6,561157,18144000,-1.00000,0,0,33.00000,-41.00000,33.00000,-41.00000
636858,6,561157,23760000,-1.00000,0,0,33.00000,-41.00000,33.00000,-41.00000
636858,6,561157,10972800,-1.00000,5,0,22.00000,156.00000,33.00000,-41.00000
636858,6,625756,22118400,4.00000,1,3,-29.00000,-13.00000,-25.00000,-111.00000
636858,6,561157,345600,-1.00000,3,0,-25.00000,-111.00000,33.00000,-41.00000
636858,6,561157,777600,-1.00000,2,0,-22.00000,91.00000,33.00000,-41.00000
636858,6,561157,18144000,-1.00000,0,0,33.00000,-41.00000,33.00000,-41.00000
636858,6,561157,23760000,-1.00000,0,0,33.00000,-41.00000,33.00000,-41.00000
636858,6,561157,10972800,-1.00000,5,0,22.00000,156.00000,33.00000,-41.00000
510261,6,625756,27648000,2.00000,5,3,22.00000,156.00000,-25.00000,-111.00000
510261,6,561157,2851200,1.00000,3,0,-25.00000,-111.00000,33.00000,-41.00000
510261,6,616453,12441600,-1.00000,0,5,33.00000,-41.00000,22.00000,156.00000
510261,6,625756,27648000,2.00000,5,3,22.00000,156.00000,-25.00000,-111.00000
510261,6,561157,2851200,1.00000,3,0,-25.00000,-111.00000,33.00000,-41.00000
510261,6,616453,12441600,-1.00000,0,5,33.00000,-41.00000,22.00000,156.00000
510261,6,625756,27648000,2.00000,5,3,22.00000,156.00000,-25.00000,-111.00000
510261,6,561157,2851200,1.00000,3,0,-25.00000,-111.00000,33.00000,-41.00000
510261,6,616453,12441600,-1.00000,0,5,33.00000,-41.00000,22.00000,156.00000
510261,6,625756,27648000,2.00000,5,3,22.00000,156.00000,-25.00000,-111.00000
510261,6,561157,2851200,1.00000,3,0,-25.00000,-111.00000,33.00000,-41.00000
510261,6,616453,12441600,-1.00000,0,5,33.00000,-41.00000,22.00000,156.00000
510261,6,625756,27648000,2.00000,5,3,22.00000,156.00000,-25.00000,-111.00000
510261,6,561157,2851200,1.00000,3,0,-25.00000,-111.00000,33.00000,-41.00000
510261,6,616453,12441600,-1.00000,0,5,33.00000,-41.00000,22.00000,156.00000
506949,6,616453,29980800,2.00000,3,5,-25.00000,-111.00000,22.00000,156.00000
506949,6,561157,30844800,2.00000,5,0,22.00000,156.00000,33.00000,-41.00000
506949,6,625756,21686400,-1.00000,0,3,33.00000,-41.00000,-25.00000,-111.00000
506949,6,616453,29980800,2.00000,3,5,-25.00000,-111.00000,22.00000,156.00000
506949,6,561157,30844800,2.00000,5,0,22.00000,156.00000,33.00000,-41.00000
506949,6,625756,21686400,-1.00000,0,3,33.00000,-41.00000,-25.00000,-111.00000
506949,6,616453,29980800,2.00000,3,5,-25.00000,-111.00000,22.00000,156.00000
506949,6,561157,30844800,2.00000,5,0,22.00000,156.00000,33.00000,-41.00000
506949,6,625756,21686400,-1.00000,0,3,33.00000,-41.00000,-25.00000,-111.00000
506949,6,616453,29980800,2.00000,3,5,-25.00000,-111.00000,22.00000,156.00000
506949,6,561157,30844800,2.00000,5,0,22.00000,156.00000,33.00000,-41.00000
506949,6,625756,21686400,-1.00000,0,3,33.00000,-41.00000,-25.00000,-111.00000
506949,6,616453,29980800,2.00000,3,5,-25.00000,-111.00000,22.00000,156.00000
506949,6,561157,30844800,2.00000,5,0,22.00000,156.00000,33.00000,-41.00000
506949,6,625756,21686400,-1.00000,0,3,33.00000,-41.00000,-25.00000,-111.00000
487516,6,499467,19699200,0.00000,0,2,33.00000,-41.00000,-22.00000,91.00000
487516,6,657173,11491200,3.00000,5,1,22.00000,156.00000,-29.00000,-13.00000
487516,6,625756,25401600,2.00000,1,3,-29.00000,-13.00000,-25.00000,-111.00000
487516,6,625756,9504000,0.00000,0,3,33.00000,-41.00000,-25.00000,-111.00000
487516,6,616453,23500800,5.00000,1,5,-29.00000,-13.00000,22.00000,156.00000
487516,6,616453,15465600,0.00000,3,5,-25.00000,-111.00000,22.00000,156.00000
487516,6,499467,1987200,4.00000,0,2,33.00000,-41.00000,-22.00000,91.00000
487516,6,499467,21427200,4.00000,3,2,-25.00000,-111.00000,-22.00000,91.00000
487516,6,561157,13478400,-1.00000,1,0,-29.00000,-13.00000,33.00000,-41.00000
487516,6,561157,26870400,-1.00000,5,0,22.00000,156.00000,33.00000,-41.00000
487516,6,499467,19699200,0.00000,0,2,33.00000,-41.00000,-22.00000,91.00000
487516,6,657173,11491200,3.00000,5,1,22.00000,156.00000,-29.00000,-13.00000
487516,6,625756,25401600,2.00000,1,3,-29.00000,-13.00000,-25.00000,-111.00000
487516,6,625756,9504000,0.00000,0,3,33.00000,-41.00000,-25.00000,-111.00000
487516,6,616453,23500800,5.00000,1,5,-29.00000,-13.00000,22.00000,156.00000
487516,6,616453,15465600,0.00000,3,5,-25.00000,-111.00000,22.00000,156.00000
487516,6,499467,1987200,4.00000,0,2,33.00000,-41.00000,-22.00000,91.00000
487516,6,499467,21427200,4.00000,3,2,-25.00000,-111.00000,-22.00000,91.00000
487516,6,561157,13478400,-1.00000,1,0,-29.00000,-13.00000,33.00000,-41.00000
487516,6,561157,26870400,-1.00000,5,0,22.00000,156.00000,33.00000,-41.00000
487516,6,499467,19699200,0.00000,0,2,33.00000,-41.00000,-22.00000,91.00000
487516,6,657173,11491200,3.00000,5,1,22.00000,156.00000,-29.00000,-13.00000
487516,6,625756,25401600,2.00000,1,3,-29.00000,-13.00000,-25.00000,-111.00000
487516,6,625756,9504000,0.00000,0,3,33.00000,-41.00000,-25.00000,-111.00000
487516,6,616453,23500800,5.00000,1,5,-29.00000,-13.00000,22.00000,156.00000
487516,6,616453,15465600,0.00000,3,5,-25.00000,-111.00000,22.00000,156.00000
487516,6,499467,1987200,4.00000,0,2,33.00000,-41.00000,-22.00000,91.00000
487516,6,499467,21427200,4.00000,3,2,-25.00000,-111.00000,-22.00000,91.00000
487516,6,561157,13478400,-1.00000,1,0,-29.00000,-13.00000,33.00000,-41.00000
487516,6,561157,26870400,-1.00000,5,0,22.00000,156.00000,33.00000,-41.00000
487516,6,499467,19699200,0.00000,0,2,33.00000,-41.00000,-22.00000,91.00000
487516,6,657173,11491200,3.00000,5,1,22.00000,156.00000,-29.00000,-13.00000
487516,6,625756,25401600,2.00000,1,3,-29.00000,-13.00000,-25.00000,-111.00000
487516,6,625756,9504000,0.00000,0,3,33.00000,-41.00000,-25.00000,-111.00000
487516,6,616453,23500800,5.00000,1,5,-29.00000,-13.00000,22.00000,156.00000
487516,6,616453,15465600,0.00000,3,5,-25.00000,-111.00000,22.00000,156.00000
487516,6,499467,1987200,4.00000,0,2,33.00000,-41.00000,-22.00000,91.00000
487516,6,499467,21427200,4.00000,3,2,-25.00000,-111.00000,-22.00000,91.00000
487516,6,561157,13478400,-1.00000,1,0,-29.00000,-13.00000,33.00000,-41.00000
487516,6,561157,26870400,-1.00000,5,0,22.00000,156.00000,33.00000,-41.00000
487516,6,499467,19699200,0.00000,0,2,33.00000,-41.00000,-22.00000,91.00000
487516,6,657173,11491200,3.00000,5,1,22.00000,156.00000,-29.00000,-13.00000
487516,6,625756,25401600,2.00000,1,3,-29.00000,-13.00000,-25.00000,-111.00000
487516,6,625756,9504000,0.00000,0,3,33.00000,-41.00000,-25.00000,-111.00000
487516,6,616453,23500800,5.00000,1,5,-29.00000,-13.00000,22.00000,156.00000
487516,6,616453,15465600,0.00000,3,5,-25.00000,-111.00000,22.00000,156.00000
487516,6,499467,1987200,4.00000,0,2,33.00000,-41.00000,-22.00000,91.00000
487516,6,499467,21427200,4.00000,3,2,-25.00000,-111.00000,-22.00000,91.00000
487516,6,561157,13478400,-1.00000,1,0,-29.00000,-13.00000,33.00000,-41.00000
487516,6,561157,26870400,-1.00000,5,0,22.00000,156.00000,33.00000,-41.00000
625689,6,499467,17452800,3.00000,4,2,1.00000,-165.00000,-22.00000,91.00000
625689,6,625756,13478400,2.00000,1,3,-29.00000,-13.00000,-25.00000,-111.00000
625689,6,657173,12182400,3.00000,3,1,-25.00000,-111.00000,-29.00000,-13.00000
625689,6,509607,21945600,-1.00000,2,4,-22.00000,91.00000,1.00000,-165.00000
625689,6,499467,17452800,3.00000,4,2,1.00000,-165.00000,-22.00000,91.00000
625689,6,625756,13478400,2.00000,1,3,-29.00000,-13.00000,-25.00000,-111.00000
625689,6,657173,12182400,3.00000,3,1,-25.00000,-111.00000,-29.00000,-13.00000
625689,6,509607,21945600,-1.00000,2,4,-22.00000,91.00000,1.00000,-165.00000
625689,6,499467,17452800,3.00000,4,2,1.00000,-165.00000,-22.00000,91.00000
625689,6,625756,13478400,2.00000,1,3,-29.00000,-13.00000,-25.00000,-111.00000
625689,6,657173,12182400,3.00000,3,1,-25.00000,-111.00000,-29.00000,-13.00000
625689,6,509607,21945600,-1.00000,2,4,-22.00000,91.00000,1.00000,-165.00000
625689,6,499467,17452800,3.00000,4,2,1.00000,-165.00000,-22.00000,91.00000
625689,6,625756,13478400,2.00000,1,3,-29.00000,-13.00000,-25.00000,-111.00000
625689,6,657173,12182400,3.00000,3,1,-25.00000,-111.00000,-29.00000,-13.00000
625689,6,509607,21945600,-1.00000,2,4,-22.00000,91.00000,1.00000,-165.00000
625689,6,499467,17452800,3.00000,4,2,1.00000,-165.00000,-22.00000,91.00000
625689,6,625756,13478400,2.00000,1,3,-29.00000,-13.00000,-25.00000,-111.00000
625689,6,657173,12182400,3.00000,3,1,-25.00000,-111.00000,-29.00000,-13.00000
625689,6,509607,21945600,-1.00000,2,4,-22.00000,91.00000,1.00000,-165.00000
494508,6,509607,28166400,3.00000,2,4,-22.00000,91.00000,1.00000,-165.00000
494508,6,509607,14688000,0.00000,2,4,-22.00000,91.00000,1.00000,-165.00000
494508,6,499467,31449600,-1.00000,1,2,-29.00000,-13.00000,-22.00000,91.00000
494508,6,625756,20822400,4.00000,4,3,1.00000,-165.00000,-25.00000,-111.00000
494508,6,657173,20995200,7.00000,3,1,-25.00000,-111.00000,-29.00000,-13.00000
494508,6,499467,7257600,-1.00000,1,2,-29.00000,-13.00000,-22.00000,91.00000
494508,6,509607,28166400,3.00000,2,4,-22.00000,91.00000,1.00000,-165.00000
494508,6,509607,14688000,0.00000,2,4,-22.00000,91.00000,1.00000,-165.00000
494508,6,499467,31449600,-1.00000,1,2,-29.00000,-13.00000,-22.00000,91.00000
494508,6,625756,20822400,4.00000,4,3,1.00000,-165.00000,-25.00000,-111.00000
494508,6,657173,20995200,7.00000,3,1,-25.00000,-111.00000,-29.00000,-13.00000
494508,6,499467,7257600,-1.00000,1,2,-29.00000,-13.00000,-22.00000,91.00000
494508,6,509607,28166400,3.00000,2,4,-22.00000,91.00000,1.00000,-165.00000
494508,6,509607,14688000,0.00000,2,4,-22.00000,91.00000,1.00000,-165.00000
494508,6,499467,31449600,-1.00000,1,2,-29.00000,-13.00000,-22.00000,91.00000
494508,6,625756,20822400,4.00000,4,3,1.00000,-165.00000,-25.00000,-111.00000
494508,6,657173,20995200,7.00000,3,1,-25.00000,-111.00000,-29.00000,-13.00000
494508,6,499467,7257600,-1.00000,1,2,-29.00000,-13.00000,-22.00000,91.00000
494508,6,509607,28166400,3.00000,2,4,-22.00000,91.00000,1.00000,-165.00000
494508,6,509607,14688000,0.00000,2,4,-22.00000,91.00000,1.00000,-165.00000
494508,6,499467,31449600,-1.00000,1,2,-29.00000,-13.00000,-22.00000,91.00000
494508,6,625756,20822400,4.00000,4,3,1.00000,-165.00000,-25.00000,-111.00000
494508,6,657173,20995200,7.00000,3,1,-25.00000,-111.00000,-29.00000,-13.00000
494508,6,499467,7257600,-1.00000,1,2,-29.00000,-13.00000,-22.00000,91.00000
494508,6,509607,28166400,3.00000,2,4,-22.00000,91.00000,1.00000,-165.00000
494508,6,509607,14688000,0.00000,2,4,-22.00000,91.00000,1.00000,-165.00000
494508,6,499467,31449600,-1.00000,1,2,-29.00000,-13.00000,-22.00000,91.00000
494508,6,625756,20822400,4.00000,4,3,1.00000,-165.00000,-25.00000,-111.00000
494508,6,657173,20995200,7.00000,3,1,-25.00000,-111.00000,-29.00000,-13.00000
494508,6,499467,7257600,-1.00000,1,2,-29.00000,-13.00000,-22.00000,91.00000
629627,6,625756,13674406,1.00000,4,3,1.00000,-165.00000,-25.00000,-111.00000
629627,6,657173,14624806,2.00000,3,1,-25.00000,-111.00000,-29.00000,-13.00000
629627,6,499467,16871206,1.00000,1,2,-29.00000,-13.00000,-22.00000,91.00000
629627,6,509607,16871206,4.00000,2,4,-22.00000,91.00000,1.00000,-165.00000
629627,6,625756,13674406,1.00000,4,3,1.00000,-165.00000,-25.00000,-111.00000
629627,6,657173,14624806,2.00000,3,1,-25.00000,-111.00000,-29.00000,-13.00000
629627,6,499467,16871206,1.00000,1,2,-29.00000,-13.00000,-22.00000,91.00000
629627,6,509607,16871206,4.00000,2,4,-22.00000,91.00000,1.00000,-165.00000
629627,6,625756,14845147,4.00000,4,3,1.00000,-165.00000,-25.00000,-111.00000
629627,6,657173,14931547,2.00000,3,1,-25.00000,-111.00000,-29.00000,-13.00000
629627,6,499467,18646747,2.00000,1,2,-29.00000,-13.00000,-22.00000,91.00000
629627,6,509607,16871206,6.00000,2,4,-22.00000,91.00000,1.00000,-165.00000
629627,6,625756,13674406,1.00000,4,3,1.00000,-165.00000,-25.00000,-111.00000
629627,6,657173,14624806,2.00000,3,1,-25.00000,-111.00000,-29.00000,-13.00000
629627,6,499467,16871206,1.00000,1,2,-29.00000,-13.00000,-22.00000,91.00000
629627,6,509607,16871206,4.00000,2,4,-22.00000,91.00000,1.00000,-165.00000
629627,6,625756,14845147,4.00000,4,3,1.00000,-165.00000,-25.00000,-111.00000
629627,6,657173,14931547,2.00000,3,1,-25.00000,-111.00000,-29.00000,-13.00000
629627,6,499467,18646747,2.00000,1,2,-29.00000,-13.00000,-22.00000,91.00000
629627,6,509607,16871206,6.00000,2,4,-22.00000,91.00000,1.00000,-165.00000
629627,6,625756,22350474,7.00000,4,3,1.00000,-165.00000,-25.00000,-111.00000
629627,6,657173,22264074,3.00000,3,1,-25.00000,-111.00000,-29.00000,-13.00000
629627,6,499467,25720074,1.00000,1,2,-29.00000,-13.00000,-22.00000,91.00000
629627,6,509607,26152074,2.00000,2,4,-22.00000,91.00000,1.00000,-165.00000
629627,6,625756,13674406,1.00000,4,3,1.00000,-165.00000,-25.00000,-111.00000
629627,6,657173,14624806,2.00000,3,1,-25.00000,-111.00000,-29.00000,-13.00000
629627,6,499467,16871206,1.00000,1,2,-29.00000,-13.00000,-22.00000,91.00000
629627,6,509607,16871206,4.00000,2,4,-22.00000,91.00000,1.00000,-165.00000
629627,6,625756,14845147,4.00000,4,3,1.00000,-165.00000,-25.00000,-111.00000
629627,6,657173,14931547,2.00000,3,1,-25.00000,-111.00000,-29.00000,-13.00000
629627,6,499467,18646747,2.00000,1,2,-29.00000,-13.00000,-22.00000,91.00000
629627,6,509607,16871206,6.00000,2,4,-22.00000,91.00000,1.00000,-165.00000
629627,6,625756,22350474,7.00000,4,3,1.00000,-165.00000,-25.00000,-111.00000
629627,6,657173,22264074,3.00000,3,1,-25.00000,-111.00000,-29.00000,-13.00000
629627,6,499467,25720074,1.00000,1,2,-29.00000,-13.00000,-22.00000,91.00000
629627,6,509607,26152074,2.00000,2,4,-22.00000,91.00000,1.00000,-165.00000
629627,6,625756,14926156,3.00000,4,3,1.00000,-165.00000,-25.00000,-111.00000
629627,6,657173,13716556,5.00000,3,1,-25.00000,-111.00000,-29.00000,-13.00000
629627,6,499467,16871206,4.00000,1,2,-29.00000,-13.00000,-22.00000,91.00000
629627,6,509607,17690956,3.00000,2,4,-22.00000,91.00000,1.00000,-165.00000
629627,6,625756,13674406,1.00000,4,3,1.00000,-165.00000,-25.00000,-111.00000
629627,6,657173,14624806,2.00000,3,1,-25.00000,-111.00000,-29.00000,-13.00000
629627,6,499467,16871206,1.00000,1,2,-29.00000,-13.00000,-22.00000,91.00000
629627,6,509607,16871206,4.00000,2,4,-22.00000,91.00000,1.00000,-165.00000
629627,6,625756,14845147,4.00000,4,3,1.00000,-165.00000,-25.00000,-111.00000
629627,6,657173,14931547,2.00000,3,1,-25.00000,-111.00000,-29.00000,-13.00000
629627,6,499467,18646747,2.00000,1,2,-29.00000,-13.00000,-22.00000,91.00000
629627,6,509607,16871206,6.00000,2,4,-22.00000,91.00000,1.00000,-165.00000
629627,6,625756,22350474,7.00000,4,3,1.00000,-165.00000,-25.00000,-111.00000
629627,6,657173,22264074,3.00000,3,1,-25.00000,-111.00000,-29.00000,-13.00000
629627,6,499467,25720074,1.00000,1,2,-29.00000,-13.00000,-22.00000,91.00000
629627,6,509607,26152074,2.00000,2,4,-22.00000,91.00000,1.00000,-165.00000
629627,6,625756,14926156,3.00000,4,3,1.00000,-165.00000,-25.00000,-111.00000
629627,6,657173,13716556,5.00000,3,1,-25.00000,-111.00000,-29.00000,-13.00000
629627,6,499467,16871206,4.00000,1,2,-29.00000,-13.00000,-22.00000,91.00000
629627,6,509607,17690956,3.00000,2,4,-22.00000,91.00000,1.00000,-165.00000
629627,6,625756,3399818,2.00000,4,3,1.00000,-165.00000,-25.00000,-111.00000
629627,6,657173,3486218,1.00000,3,1,-25.00000,-111.00000,-29.00000,-13.00000
629627,6,499467,25720074,3.00000,1,2,-29.00000,-13.00000,-22.00000,91.00000
629627,6,509607,6596618,3.00000,2,4,-22.00000,91.00000,1.00000,-165.00000
599441,6,625756,14452006,3.00000,4,3,1.00000,-165.00000,-25.00000,-111.00000
599441,6,657173,13847206,1.00000,3,1,-25.00000,-111.00000,-29.00000,-13.00000
599441,6,499467,17044006,2.00000,1,2,-29.00000,-13.00000,-22.00000,91.00000
599441,6,509607,16266406,3.00000,2,4,-22.00000,91.00000,1.00000,-165.00000
599441,6,625756,14452006,3.00000,4,3,1.00000,-165.00000,-25.00000,-111.00000
599441,6,657173,13847206,1.00000,3,1,-25.00000,-111.00000,-29.00000,-13.00000
599441,6,499467,17044006,2.00000,1,2,-29.00000,-13.00000,-22.00000,91.00000
599441,6,509607,16266406,3.00000,2,4,-22.00000,91.00000,1.00000,-165.00000
599441,6,625756,16486747,4.00000,4,3,1.00000,-165.00000,-25.00000,-111.00000
599441,6,657173,15277147,5.00000,3,1,-25.00000,-111.00000,-29.00000,-13.00000
599441,6,499467,18819547,2.00000,1,2,-29.00000,-13.00000,-22.00000,91.00000
599441,6,509607,18214747,4.00000,2,4,-22.00000,91.00000,1.00000,-165.00000
599441,6,625756,14452006,3.00000,4,3,1.00000,-165.00000,-25.00000,-111.00000
599441,6,657173,13847206,1.00000,3,1,-25.00000,-111.00000,-29.00000,-13.00000
599441,6,499467,17044006,2.00000,1,2,-29.00000,-13.00000,-22.00000,91.00000
599441,6,509607,16266406,3.00000,2,4,-22.00000,91.00000,1.00000,-165.00000
599441,6,625756,16486747,4.00000,4,3,1.00000,-165.00000,-25.00000,-111.00000
599441,6,657173,15277147,5.00000,3,1,-25.00000,-111.00000,-29.00000,-13.00000
599441,6,499467,18819547,2.00000,1,2,-29.00000,-13.00000,-22.00000,91.00000
599441,6,509607,18214747,4.00000,2,4,-22.00000,91.00000,1.00000,-165.00000
599441,6,625756,23905674,2.00000,4,3,1.00000,-165.00000,-25.00000,-111.00000
599441,6,657173,23387274,3.00000,3,1,-25.00000,-111.00000,-29.00000,-13.00000
599441,6,499467,25979274,1.00000,1,2,-29.00000,-13.00000,-22.00000,91.00000
599441,6,509607,26238474,5.00000,2,4,-22.00000,91.00000,1.00000,-165.00000
599441,6,625756,14452006,3.00000,4,3,1.00000,-165.00000,-25.00000,-111.00000
599441,6,657173,13847206,1.00000,3,1,-25.00000,-111.00000,-29.00000,-13.00000
599441,6,499467,17044006,2.00000,1,2,-29.00000,-13.00000,-22.00000,91.00000
599441,6,509607,16266406,3.00000,2,4,-22.00000,91.00000,1.00000,-165.00000
599441,6,625756,16486747,4.00000,4,3,1.00000,-165.00000,-25.00000,-111.00000
599441,6,657173,15277147,5.00000,3,1,-25.00000,-111.00000,-29.00000,-13.00000
599441,6,499467,18819547,2.00000,1,2,-29.00000,-13.00000,-22.00000,91.00000
599441,6,509607,18214747,4.00000,2,4,-22.00000,91.00000,1.00000,-165.00000
599441,6,625756,23905674,2.00000,4,3,1.00000,-165.00000,-25.00000,-111.00000
599441,6,657173,23387274,3.00000,3,1,-25.00000,-111.00000,-29.00000,-13.00000
599441,6,499467,25979274,1.00000,1,2,-29.00000,-13.00000,-22.00000,91.00000
599441,6,509607,26238474,5.00000,2,4,-22.00000,91.00000,1.00000,-165.00000
599441,6,625756,15703756,1.00000,4,3,1.00000,-165.00000,-25.00000,-111.00000
599441,6,657173,15277147,4.00000,3,1,-25.00000,-111.00000,-29.00000,-13.00000
599441,6,499467,17518156,3.00000,1,2,-29.00000,-13.00000,-22.00000,91.00000
599441,6,509607,16826956,6.00000,2,4,-22.00000,91.00000,1.00000,-165.00000
599441,6,625756,14452006,3.00000,4,3,1.00000,-165.00000,-25.00000,-111.00000
599441,6,657173,13847206,1.00000,3,1,-25.00000,-111.00000,-29.00000,-13.00000
599441,6,499467,17044006,2.00000,1,2,-29.00000,-13.00000,-22.00000,91.00000
599441,6,509607,16266406,3.00000,2,4,-22.00000,91.00000,1.00000,-165.00000
599441,6,625756,16486747,4.00000,4,3,1.00000,-165.00000,-25.00000,-111.00000
599441,6,657173,15277147,5.00000,3,1,-25.00000,-111.00000,-29.00000,-13.00000
599441,6,499467,18819547,2.00000,1,2,-29.00000,-13.00000,-22.00000,91.00000
599441,6,509607,18214747,4.00000,2,4,-22.00000,91.00000,1.00000,-165.00000
599441,6,625756,23905674,2.00000,4,3,1.00000,-165.00000,-25.00000,-111.00000
599441,6,657173,23387274,3.00000,3,1,-25.00000,-111.00000,-29.00000,-13.00000
599441,6,499467,25979274,1.00000,1,2,-29.00000,-13.00000,-22.00000,91.00000
599441,6,509607,26238474,5.00000,2,4,-22.00000,91.00000,1.00000,-165.00000
599441,6,625756,15703756,1.00000,4,3,1.00000,-165.00000,-25.00000,-111.00000
599441,6,657173,15277147,4.00000,3,1,-25.00000,-111.00000,-29.00000,-13.00000
599441,6,499467,17518156,3.00000,1,2,-29.00000,-13.00000,-22.00000,91.00000
599441,6,509607,16826956,6.00000,2,4,-22.00000,91.00000,1.00000,-165.00000
599441,6,625756,4955018,2.00000,4,3,1.00000,-165.00000,-25.00000,-111.00000
599441,6,657173,4004618,2.00000,3,1,-25.00000,-111.00000,-29.00000,-13.00000
599441,6,499467,17518156,4.00000,1,2,-29.00000,-13.00000,-22.00000,91.00000
599441,6,509607,16826956,1.00000,2,4,-22.00000,91.00000,1.00000,-165.00000
533956,6,509607,14515200,-1.00000,2,4,-22.00000,91.00000,1.00000,-165.00000
533956,6,509607,14515200,-1.00000,2,4,-22.00000,91.00000,1.00000,-165.00000
533956,6,509607,14515200,-1.00000,2,4,-22.00000,91.00000,1.00000,-165.00000
533956,6,509607,14515200,-1.00000,2,4,-22.00000,91.00000,1.00000,-165.00000
533956,6,509607,14515200,-1.00000,2,4,-22.00000,91.00000,1.00000,-165.00000
584896,6,509607,13478400,5.00000,2,4,-22.00000,91.00000,1.00000,-165.00000
584896,6,509607,13478400,5.00000,2,4,-22.00000,91.00000,1.00000,-165.00000
584896,6,509607,13478400,5.00000,2,4,-22.00000,91.00000,1.00000,-165.00000
584896,6,509607,13478400,5.00000,2,4,-22.00000,91.00000,1.00000,-165.00000
584896,6,509607,13478400,5.00000,2,4,-22.00000,91.00000,1.00000,-165.00000
463206,6,509607,23932800,-1.00000,2,4,-22.00000,91.00000,1.00000,-165.00000
463206,6,509607,23932800,-1.00000,2,4,-22.00000,91.00000,1.00000,-165.00000
463206,6,509607,23932800,-1.00000,2,4,-22.00000,91.00000,1.00000,-165.00000
463206,6,509607,23932800,-1.00000,2,4,-22.00000,91.00000,1.00000,-165.00000
463206,6,509607,23932800,-1.00000,2,4,-22.00000,91.00000,1.00000,-165.00000
457543,6,561157,22291200,1.00000,3,0,-25.00000,-111.00000,33.00000,-41.00000
457543,6,499467,172800,4.00000,4,2,1.00000,-165.00000,-22.00000,91.00000
457543,6,625756,5097600,5.00000,4,3,1.00000,-165.00000,-25.00000,-111.00000
457543,6,509607,17625600,-1.00000,3,4,-25.00000,-111.00000,1.00000,-165.00000
457543,6,616453,3801600,3.00000,3,5,-25.00000,-111.00000,22.00000,156.00000
457543,6,625756,13046400,1.00000,0,3,33.00000,-41.00000,-25.00000,-111.00000
457543,6,561157,29721600,0.00000,4,0,1.00000,-165.00000,33.00000,-41.00000
457543,6,561157,10627200,4.00000,0,0,33.00000,-41.00000,33.00000,-41.00000
457543,6,499467,16416000,1.00000,4,2,1.00000,-165.00000,-22.00000,91.00000
457543,6,561157,22291200,1.00000,3,0,-25.00000,-111.00000,33.00000,-41.00000
457543,6,499467,172800,4.00000,4,2,1.00000,-165.00000,-22.00000,91.00000
457543,6,625756,5097600,5.00000,4,3,1.00000,-165.00000,-25.00000,-111.00000
457543,6,509607,17625600,-1.00000,3,4,-25.00000,-111.00000,1.00000,-165.00000
457543,6,616453,3801600,3.00000,3,5,-25.00000,-111.00000,22.00000,156.00000
457543,6,625756,13046400,1.00000,0,3,33.00000,-41.00000,-25.00000,-111.00000
457543,6,561157,29721600,0.00000,4,0,1.00000,-165.00000,33.00000,-41.00000
457543,6,561157,10627200,4.00000,0,0,33.00000,-41.00000,33.00000,-41.00000
457543,6,499467,16416000,1.00000,4,2,1.00000,-165.00000,-22.00000,91.00000
457543,6,561157,22291200,1.00000,3,0,-25.00000,-111.00000,33.00000,-41.00000
457543,6,499467,172800,4.00000,4,2,1.00000,-165.00000,-22.00000,91.00000
457543,6,625756,5097600,5.00000,4,3,1.00000,-165.00000,-25.00000,-111.00000
457543,6,509607,17625600,-1.00000,3,4,-25.00000,-111.00000,1.00000,-165.00000
457543,6,616453,3801600,3.00000,3,5,-25.00000,-111.00000,22.00000,156.00000
457543,6,625756,13046400,1.00000,0,3,33.00000,-41.00000,-25.00000,-111.00000
457543,6,561157,29721600,0.00000,4,0,1.00000,-165.00000,33.00000,-41.00000
457543,6,561157,10627200,4.00000,0,0,33.00000,-41.00000,33.00000,-41.00000
457543,6,499467,16416000,1.00000,4,2,1.00000,-165.00000,-22.00000,91.00000
457543,6,561157,22291200,1.00000,3,0,-25.00000,-111.00000,33.00000,-41.00000
457543,6,499467,172800,4.00000,4,2,1.00000,-165.00000,-22.00000,91.00000
457543,6,625756,5097600,5.00000,4,3,1.00000,-165.00000,-25.00000,-111.00000
457543,6,509607,17625600,-1.00000,3,4,-25.00000,-111.00000,1.00000,-165.00000
457543,6,616453,3801600,3.00000,3,5,-25.00000,-111.00000,22.00000,156.00000
457543,6,625756,13046400,1.00000,0,3,33.00000,-41.00000,-25.00000,-111.00000
457543,6,561157,29721600,0.00000,4,0,1.00000,-165.00000,33.00000,-41.00000
457543,6,561157,10627200,4.00000,0,0,33.00000,-41.00000,33.00000,-41.00000
457543,6,499467,16416000,1.00000,4,2,1.00000,-165.00000,-22.00000,91.00000
457543,6,561157,22291200,1.00000,3,0,-25.00000,-111.00000,33.00000,-41.00000
457543,6,499467,172800,4.00000,4,2,1.00000,-165.00000,-22.00000,91.00000
457543,6,625756,5097600,5.00000,4,3,1.00000,-165.00000,-25.00000,-111.00000
457543,6,509607,17625600,-1.00000,3,4,-25.00000,-111.00000,1.00000,-165.00000
457543,6,616453,3801600,3.00000,3,5,-25.00000,-111.00000,22.00000,156.00000
457543,6,625756,13046400,1.00000,0,3,33.00000,-41.00000,-25.00000,-111.00000
457543,6,561157,29721600,0.00000,4,0,1.00000,-165.00000,33.00000,-41.00000
457543,6,561157,10627200,4.00000,0,0,33.00000,-41.00000,33.00000,-41.00000
457543,6,499467,16416000,1.00000,4,2,1.00000,-165.00000,-22.00000,91.00000
611974,6,657173,22204800,-1.00000,5,1,22.00000,156.00000,-29.00000,-13.00000
611974,6,509607,5702400,2.00000,3,4,-25.00000,-111.00000,1.00000,-165.00000
611974,6,657173,6480000,-1.00000,3,1,-25.00000,-111.00000,-29.00000,-13.00000
611974,6,616453,6652800,3.00000,1,5,-29.00000,-13.00000,22.00000,156.00000
611974,6,625756,12441600,6.00000,4,3,1.00000,-165.00000,-25.00000,-111.00000
611974,6,657173,24019200,-1.00000,0,1,33.00000,-41.00000,-29.00000,-13.00000
611974,6,657173,22204800,-1.00000,5,1,22.00000,156.00000,-29.00000,-13.00000
611974,6,509607,5702400,2.00000,3,4,-25.00000,-111.00000,1.00000,-165.00000
611974,6,657173,6480000,-1.00000,3,1,-25.00000,-111.00000,-29.00000,-13.00000
611974,6,616453,6652800,3.00000,1,5,-29.00000,-13.00000,22.00000,156.00000
611974,6,625756,12441600,6.00000,4,3,1.00000,-165.00000,-25.00000,-111.00000
611974,6,657173,24019200,-1.00000,0,1,33.00000,-41.00000,-29.00000,-13.00000
611974,6,657173,22204800,-1.00000,5,1,22.00000,156.00000,-29.00000,-13.00000
611974,6,509607,5702400,2.00000,3,4,-25.00000,-111.00000,1.00000,-165.00000
611974,6,657173,6480000,-1.00000,3,1,-25.00000,-111.00000,-29.00000,-13.00000
611974,6,616453,6652800,3.00000,1,5,-29.00000,-13.00000,22.00000,156.00000
611974,6,625756,12441600,6.00000,4,3,1.00000,-165.00000,-25.00000,-111.00000
611974,6,657173,24019200,-1.00000,0,1,33.00000,-41.00000,-29.00000,-13.00000
611974,6,657173,22204800,-1.00000,5,1,22.00000,156.00000,-29.00000,-13.00000
611974,6,509607,5702400,2.00000,3,4,-25.00000,-111.00000,1.00000,-165.00000
611974,6,657173,6480000,-1.00000,3,1,-25.00000,-111.00000,-29.00000,-13.00000
611974,6,616453,6652800,3.00000,1,5,-29.00000,-13.00000,22.00000,156.00000
611974,6,625756,12441600,6.00000,4,3,1.00000,-165.00000,-25.00000,-111.00000
611974,6,657173,24019200,-1.00000,0,1,33.00000,-41.00000,-29.00000,-13.00000
611974,6,657173,22204800,-1.00000,5,1,22.00000,156.00000,-29.00000,-13.00000
611974,6,509607,5702400,2.00000,3,4,-25.00000,-111.00000,1.00000,-165.00000
611974,6,657173,6480000,-1.00000,3,1,-25.00000,-111.00000,-29.00000,-13.00000
611974,6,616453,6652800,3.00000,1,5,-29.00000,-13.00000,22.00000,156.00000
611974,6,625756,12441600,6.00000,4,3,1.00000,-165.00000,-25.00000,-111.00000
611974,6,657173,24019200,-1.00000,0,1,33.00000,-41.00000,-29.00000,-13.00000
606702,6,561157,5616000,-1.00000,4,0,1.00000,-165.00000,33.00000,-41.00000
606702,6,616453,5875200,5.00000,0,5,33.00000,-41.00000,22.00000,156.00000
606702,6,616453,11491200,6.00000,0,5,33.00000,-41.00000,22.00000,156.00000
606702,6,561157,950400,-1.00000,4,0,1.00000,-165.00000,33.00000,-41.00000
606702,6,561157,1036800,-1.00000,5,0,22.00000,156.00000,33.00000,-41.00000
606702,6,509607,1728000,4.00000,0,4,33.00000,-41.00000,1.00000,-165.00000
606702,6,625756,18403200,4.00000,0,3,33.00000,-41.00000,-25.00000,-111.00000
606702,6,509607,12960000,1.00000,3,4,-25.00000,-111.00000,1.00000,-165.00000
606702,6,616453,24451200,0.00000,4,5,1.00000,-165.00000,22.00000,156.00000
606702,6,561157,5616000,-1.00000,4,0,1.00000,-165.00000,33.00000,-41.00000
606702,6,616453,5875200,5.00000,0,5,33.00000,-41.00000,22.00000,156.00000
606702,6,616453,11491200,6.00000,0,5,33.00000,-41.00000,22.00000,156.00000
606702,6,561157,950400,-1.00000,4,0,1.00000,-165.00000,33.00000,-41.00000
606702,6,561157,1036800,-1.00000,5,0,22.00000,156.00000,33.00000,-41.00000
606702,6,509607,1728000,4.00000,0,4,33.00000,-41.00000,1.00000,-165.00000
606702,6,625756,18403200,4.00000,0,3,33.00000,-41.00000,-25.00000,-111.00000
606702,6,509607,12960000,1.00000,3,4,-25.00000,-111.00000,1.00000,-165.00000
606702,6,616453,24451200,0.00000,4,5,1.00000,-165.00000,22.00000,156.00000
606702,6,561157,5616000,-1.00000,4,0,1.00000,-165.00000,33.00000,-41.00000
606702,6,616453,5875200,5.00000,0,5,33.00000,-41.00000,22.00000,156.00000
606702,6,616453,11491200,6.00000,0,5,33.00000,-41.00000,22.00000,156.00000
606702,6,561157,950400,-1.00000,4,0,1.00000,-165.00000,33.00000,-41.00000
606702,6,561157,1036800,-1.00000,5,0,22.00000,156.00000,33.00000,-41.00000
606702,6,509607,1728000,4.00000,0,4,33.00000,-41.00000,1.00000,-165.00000
606702,6,625756,18403200,4.00000,0,3,33.00000,-41.00000,-25.00000,-111.00000
606702,6,509607,12960000,1.00000,3,4,-25.00000,-111.00000,1.00000,-165.00000
606702,6,616453,24451200,0.00000,4,5,1.00000,-165.00000,22.00000,156.00000
606702,6,561157,5616000,-1.00000,4,0,1.00000,-165.00000,33.00000,-41.00000
606702,6,616453,5875200,5.00000,0,5,33.00000,-41.00000,22.00000,156.00000
606702,6,616453,11491200,6.00000,0,5,33.00000,-41.00000,22.00000,156.00000
606702,6,561157,950400,-1.00000,4,0,1.00000,-165.00000,33.00000,-41.00000
606702,6,561157,1036800,-1.00000,5,0,22.00000,156.00000,33.00000,-41.00000
606702,6,509607,1728000,4.00000,0,4,33.00000,-41.00000,1.00000,-165.00000
606702,6,625756,18403200,4.00000,0,3,33.00000,-41.00000,-25.00000,-111.00000
606702,6,509607,12960000,1.00000,3,4,-25.00000,-111.00000,1.00000,-165.00000
606702,6,616453,24451200,0.00000,4,5,1.00000,-165.00000,22.00000,156.00000
606702,6,561157,5616000,-1.00000,4,0,1.00000,-165.00000,33.00000,-41.00000
606702,6,616453,5875200,5.00000,0,5,33.00000,-41.00000,22.00000,156.00000
606702,6,616453,11491200,6.00000,0,5,33.00000,-41.00000,22.00000,156.00000
606702,6,561157,950400,-1.00000,4,0,1.00000,-165.00000,33.00000,-41.00000
606702,6,561157,1036800,-1.00000,5,0,22.00000,156.00000,33.00000,-41.00000
606702,6,509607,1728000,4.00000,0,4,33.00000,-41.00000,1.00000,-165.00000
606702,6,625756,18403200,4.00000,0,3,33.00000,-41.00000,-25.00000,-111.00000
606702,6,509607,12960000,1.00000,3,4,-25.00000,-111.00000,1.00000,-165.00000
606702,6,616453,24451200,0.00000,4,5,1.00000,-165.00000,22.00000,156.00000
